{
    "cams": {
        "CAM_FRONT": {
            "img_path": "data/0-FRONT.jpg",
            "sensor2lidar_rotation": [
                [
                    0.9998841024231295,
                    -0.010318110548127942,
                    -0.011194566369935472
                ],
                [
                    0.01172853486041661,
                    0.053231852370755645,
                    0.9985133005439671
                ],
                [
                    -0.009706863114429698,
                    -0.9985288711338778,
                    0.05334669924731082
                ]
            ],
            "sensor2lidar_translation": [
                -0.006171874397523425,
                0.424550066830534,
                -0.3298943159880352
            ],
            "cam_intrinsic": [
                [
                    1252.8131021185304,
                    0.0,
                    826.588114781398
                ],
                [
                    0.0,
                    1252.8131021185304,
                    469.9846626224581
                ],
                [
                    0.0,
                    0.0,
                    1.0
                ]
            ],
            "lidar2img": {
                "extrinsic": [
                    [
                        547.1024169921875,
                        369.6232604980469,
                        14.051339149475098,
                        -148.91148376464844
                    ],
                    [
                        -7.219073295593262,
                        165.93328857421875,
                        -543.1293334960938,
                        -249.6668243408203
                    ],
                    [
                        -0.011194566264748573,
                        0.9985132813453674,
                        0.053346700966358185,
                        -0.4063892066478729
                    ],
                    [
                        0.0,
                        0.0,
                        0.0,
                        1.0
                    ]
                ],
                "intrinsic": [
                    [
                        1.0,
                        0.0,
                        0.0
                    ],
                    [
                        0.0,
                        1.0,
                        0.0
                    ],
                    [
                        0.0,
                        0.0,
                        1.0
                    ]
                ]
            },
            "post_tran": [
                0.0,
                -70.0,
                0.0
            ],
            "post_rot": [
                [
                    0.4399999976158142,
                    0.0,
                    0.0
                ],
                [
                    0.0,
                    0.4399999976158142,
                    0.0
                ],
                [
                    0.0,
                    0.0,
                    1.0
                ]
            ]
        },
        "CAM_FRONT_RIGHT": {
            "img_path": "data/1-FRONT_RIGHT.jpg",
            "sensor2lidar_rotation": [
                [
                    0.536796298569036,
                    -0.0013917966343260178,
                    0.84371073049044
                ],
                [
                    -0.8420686118037027,
                    0.06149828888703281,
                    0.5358529774844516
                ],
                [
                    -0.052632564611346966,
                    -0.9981062184788233,
                    0.031840065583108555
                ]
            ],
            "sensor2lidar_translation": [
                0.49884036591424774,
                0.35476319658630473,
                -0.30847992437945493
            ],
            "cam_intrinsic": [
                [
                    1256.7485116440405,
                    0.0,
                    817.7887570959712
                ],
                [
                    0.0,
                    1256.7485116440403,
                    451.9541780095127
                ],
                [
                    0.0,
                    0.0,
                    1.0
                ]
            ],
            "lidar2img": {
                "extrinsic": [
                    [
                        600.4218139648438,
                        -272.82373046875,
                        -17.64727783203125,
                        -208.17066955566406
                    ],
                    [
                        107.9508056640625,
                        103.05659484863281,
                        -547.8192138671875,
                        -259.4021301269531
                    ],
                    [
                        0.843710720539093,
                        0.5358529686927795,
                        0.031840067356824875,
                        -0.6011558771133423
                    ],
                    [
                        0.0,
                        0.0,
                        0.0,
                        1.0
                    ]
                ],
                "intrinsic": [
                    [
                        1.0,
                        0.0,
                        0.0
                    ],
                    [
                        0.0,
                        1.0,
                        0.0
                    ],
                    [
                        0.0,
                        0.0,
                        1.0
                    ]
                ]
            },
            "post_tran": [
                0.0,
                -70.0,
                0.0
            ],
            "post_rot": [
                [
                    0.4399999976158142,
                    0.0,
                    0.0
                ],
                [
                    0.0,
                    0.4399999976158142,
                    0.0
                ],
                [
                    0.0,
                    0.0,
                    1.0
                ]
            ]
        },
        "CAM_FRONT_LEFT": {
            "img_path": "data/2-FRONT_LEFT.jpg",
            "sensor2lidar_rotation": [
                [
                    0.5675703249907608,
                    -0.014656609717689133,
                    -0.8231944545376068
                ],
                [
                    0.8226343943648143,
                    0.05103638876004427,
                    0.5662754985255589
                ],
                [
                    0.03371319323231489,
                    -0.9985892402854735,
                    0.04102377101344571
                ]
            ],
            "sensor2lidar_translation": [
                -0.5030572391367514,
                0.20939050675497128,
                -0.32913638762264696
            ],
            "cam_intrinsic": [
                [
                    1257.8625342125129,
                    0.0,
                    827.2410631095686
                ],
                [
                    0.0,
                    1257.8625342125129,
                    450.915498205774
                ],
                [
                    0.0,
                    0.0,
                    1.0
                ]
            ],